,COGS,Sales,Product_Rating,Service_Rating,Sales_Rep_Rating,Sales_Rating,Profit
count,1949.0,1949.0,1949.0,1949.0,1949.0,1949.0,1949.0
mean,3139.040713442791,5017.278202362609,3.0297741273100613,3.0,2.987685992816829,3.0058200400422965,1878.237488919818
std,2058.1358063103667,2874.460556700019,1.42763016046158,1.423620049442455,1.3962593882127636,0.8360184450604617,1521.6565280428588
min,7.4104,12.56,1.0,1.0,1.0,1.0,5.1496
25%,1445.6381,2552.28,2.0,2.0,2.0,2.3333333333333335,555.3408000000001
50%,2952.3648,4949.16,3.0,3.0,3.0,3.0,1500.585
75%,4457.7247,7502.2,4.0,4.0,4.0,3.6666666666666665,2911.2468
max,9318.958,9994.24,5.0,5.0,5.0,5.0,6292.792799999999
