,COGS,Sales,Product_Rating,Service_Rating,Sales_Rep_Rating,Sales_Rating,Profit
mean,3139.040713442791,5017.278202362609,3.0297741273100613,3.0,2.987685992816829,3.0058200400422965,1878.237488919818
min,7.4104,12.56,1.0,1.0,1.0,1.0,5.1496
max,9318.958,9994.24,5.0,5.0,5.0,5.0,6292.792799999999
std,2058.1358063103667,2874.460556700019,1.42763016046158,1.423620049442455,1.3962593882127636,0.8360184450604617,1521.6565280428588
